Maryland Fiscal Year,Average insured unemployment rate
2019-2020,0.0213596153846154
2020-2021,0.0486211538461539
2021-2022,0.0124384615384615
2022-2023,0.00718653846153846
2023-2024,0.00883396226415094
