Maryland Fiscal Year,Insured unemployment rate
2019-2020,0.0214419220211876
2020-2021,0.04998650410194
2021-2022,0.0124161590243485
2022-2023,0.00720870951263201
2023-2024,0.00888709153159676
